Dimensiuni numere,Nr threads,Timp executie
N1=100000 N2=100000,3,104.56183
,5,357.7612
,7,300.7367
,9,196.5297
,17,134.951
N1=18 N2=18,3,0.64368
,5,1.09444
,7,1.52473
,9,2.03503
,17,4.00807
N1=1000 N2=1000,3,1.59252
,5,1.82064
,7,2.15344
,9,2.56377
,17,4.71132
N1=100 N2=100000,3,104.98904
,5,109.66582
,7,224.0502
,9,179.7249
,17,145.4939
