Dimensiuni,Nr threads,Timp executie
N1=100000 N2=1000000,2,1.44412
,4,1.77134
,6,2.28499
,8,5.94742
,16,8.69052
N1=18 N2=18,2,0.35066
,4,0.74569
,6,1.03612
,8,1.3304
,16,2.781
N1=1000 N2=1000,2,0.34274
,4,0.76004
,6,1.01728
,8,1.29901
,16,2.7869
N1=100 N2=100000,2,1.0857
,4,1.62237
,6,2.3298
,8,2.78221
,16,5.94919
